<?xml version="1.0" encoding="UTF-8"?>
<metadata xml:lang="fr"><Esri><CreaDate>20160518</CreaDate><CreaTime>09090800</CreaTime><ArcGISFormat>1.0</ArcGISFormat><SyncOnce>TRUE</SyncOnce><DataProperties><lineage><Process ToolSource="d:\program files\arcgis\desktop10.1\ArcToolbox\Toolboxes\Data Management Tools.tbx\RepairGeometry" Date="20160314" Time="153533">RepairGeometry carteadm_unifie_provinces_Polygon_annotation DELETE_NULL</Process><Process ToolSource="d:\program files\arcgis\desktop10.1\ArcToolbox\Toolboxes\Data Management Tools.tbx\DeleteIdentical" Date="20160314" Time="153705">DeleteIdentical carteadm_unifie_provinces_Polygon_annotation Text # 0</Process><Process ToolSource="d:\program files\arcgis\desktop10.1\ArcToolbox\Toolboxes\Data Management Tools.tbx\DefineProjection" Date="20160315" Time="105127">DefineProjection carteadm_unifie_provinces_Polygons_annotations PROJCS['Africa_Lambert_Conformal_Conic_unified',GEOGCS['GCS_WGS_1984',DATUM['D_WGS_1984',SPHEROID['WGS_1984',6378137.0,298.257223563]],PRIMEM['Greenwich',0.0],UNIT['Degree',0.0174532925199433]],PROJECTION['Lambert_Conformal_Conic'],PARAMETER['False_Easting',1100000.0],PARAMETER['False_Northing',800000.0],PARAMETER['Central_Meridian',25.9],PARAMETER['Standard_Parallel_1',33.35247722],PARAMETER['Standard_Parallel_2',22.35216639],PARAMETER['Latitude_Of_Origin',-7.2],UNIT['Meter',1.0]]</Process><Process ToolSource="d:\program files\arcgis\desktop10.1\ArcToolbox\Toolboxes\Data Management Tools.tbx\DeleteField" Date="20160328" Time="103333">DeleteField carteadm_unifie_provinces_Polygons_annotations Level;Layer;LvlDesc;LyrFrzn;LyrLock;LyrOn;LvlPlot;Color;EntColor;LyrColor;Linetype;LyrLnType;Elevation;Class;GGroup;CadModel;Fill;LineWt;EntLineWt;LyrLineWt;RefName;LTScale;QrotW;QrotX;QrotY;QrotZ;DocName;DocPath;DocType;DocVer;Level_1;Layer_1</Process><Process ToolSource="d:\program files\arcgis\desktop10.1\ArcToolbox\Toolboxes\Data Management Tools.tbx\DeleteField" Date="20160328" Time="103521">DeleteField carteadm_unifie_provinces_Polygons_annotations LvlDesc_1;LyrFrzn_1;LyrLock_1;LyrOn_1;LvlPlot_1;Color_1;EntColor_1;LyrColor_1;Linetype_1;EntLinet_1;LyrLnTyp_1</Process><Process ToolSource="d:\program files\arcgis\desktop10.1\ArcToolbox\Toolboxes\Data Management Tools.tbx\DeleteField" Date="20160328" Time="105802">DeleteField carteadm_unifie_provinces_Polygons_annotations Elevatio_1;Class_1;GGroup_1;CadModel_1;Fill_1;LineWt_1;EntLineW_1;LyrLineW_1;RefName_1;LTScale_1;QrotW_1;QrotX_1;QrotY_1;QrotZ_1;DocName_1;DocPath_1;DocType_1;DocVer_1;ScaleX;ScaleY;ScaleZ;Style;FontID</Process><Process ToolSource="d:\program files\arcgis\desktop10.1\ArcToolbox\Toolboxes\Data Management Tools.tbx\DeleteField" Date="20160328" Time="110238">DeleteField carteadm_unifie_provinces_Polygons_annotations TxtOblique;TxtJust;VertAlign;TxtFont;TxtBoxHt;TxtBoxWd;TxtRefWd;TxtDir;LnSpace;SpaceFct;Distance</Process><Process ToolSource="d:\program files\arcgis\desktop10.1\ArcToolbox\Toolboxes\Data Management Tools.tbx\RepairGeometry" Date="20160405" Time="144411">RepairGeometry carteadm_unifie_provinces_Polygons_annotations DELETE_NULL</Process><Process ToolSource="d:\program files\arcgis\desktop10.1\ArcToolbox\Toolboxes\Data Management Tools.tbx\Project" Date="20160518" Time="082931">Project carte_administrative_provinces_1200k_unifiée "D:\Documents and Settings\a.rhrib\Mes documents\ArcGIS\Default.gdb\carte_administrative_provinc" GEOGCS['GCS_WGS_1984',DATUM['D_WGS_1984',SPHEROID['WGS_1984',6378137.0,298.257223563]],PRIMEM['Greenwich',0.0],UNIT['Degree',0.0174532925199433]] # PROJCS['Africa_Lambert_Conformal_Conic_unified',GEOGCS['GCS_WGS_1984',DATUM['D_WGS_1984',SPHEROID['WGS_1984',6378137.0,298.257223563]],PRIMEM['Greenwich',0.0],UNIT['Degree',0.0174532925199433]],PROJECTION['Lambert_Conformal_Conic'],PARAMETER['False_Easting',1100000.0],PARAMETER['False_Northing',800000.0],PARAMETER['Central_Meridian',-7.2],PARAMETER['Standard_Parallel_1',33.35247722],PARAMETER['Standard_Parallel_2',22.35216639],PARAMETER['Latitude_Of_Origin',27.9],UNIT['Meter',1.0]]</Process></lineage><itemProps><itemLocation><linkage Sync="TRUE">file://\\ST-CTH06\D$\Documents and Settings\a.rhrib\Mes documents\ArcGIS\Default.gdb</linkage><protocol Sync="TRUE">Local Area Network</protocol></itemLocation></itemProps></DataProperties></Esri></metadata>
